-- Este script se ejecutará manualmente en el sql editor de Supabase después de crear un usuario en el panel Auth y recuperar su UUID.

-- 1. Ferretería
INSERT INTO public.ferreterias (id, nombre, direccion, telefono, whatsapp)
VALUES ('11111111-1111-1111-1111-111111111111', 'Ferretería Central Perú', 'Av. Los Incas 123, Ayacucho', '066-312345', '51987654321');

-- (Reemplazar 'UUID_AQUÍ' con el UUID del usuario generado en Supabase Auth)
-- INSERT INTO public.usuarios (id, ferreteria_id, email, nombre, rol)
-- VALUES ('UUID_AQUÍ', '11111111-1111-1111-1111-111111111111', 'admin@ferrostock.pe', 'Juan Dueño', 'admin');

-- 3. Categorías
INSERT INTO public.categorias (id, ferreteria_id, nombre) VALUES
('22222222-2222-2222-2222-222222222221', '11111111-1111-1111-1111-111111111111', 'Herramientas manuales'),
('22222222-2222-2222-2222-222222222222', '11111111-1111-1111-1111-111111111111', 'Herramientas eléctricas'),
('22222222-2222-2222-2222-222222222223', '11111111-1111-1111-1111-111111111111', 'Clavos y tornillos'),
('22222222-2222-2222-2222-222222222224', '11111111-1111-1111-1111-111111111111', 'Pinturas y barnices'),
('22222222-2222-2222-2222-222222222225', '11111111-1111-1111-1111-111111111111', 'Cables eléctricos');

-- 4. Proveedores
INSERT INTO public.proveedores (id, ferreteria_id, nombre, ruc, telefono, whatsapp, direccion, nota) VALUES
('33333333-3333-3333-3333-333333333331', '11111111-1111-1111-1111-111111111111', 'Distribuidora Constructor SAC', '20123456789', '01-445-5678', '51999888777', 'Lima, Breña', 'Principal proveedor de cemento y acero'),
('33333333-3333-3333-3333-333333333332', '11111111-1111-1111-1111-111111111111', 'Pinturas Andinas EIRL', '20876543210', '01-554-3210', '51988777666', 'Av. Argentina 543', 'Entregas los martes'),
('33333333-3333-3333-3333-333333333333', '11111111-1111-1111-1111-111111111111', 'Herramientas Import', '20556677889', '01-233-4455', '51966555444', 'La Victoria', 'Llamar antes de depositar');

-- 5. Productos (15 productos)
INSERT INTO public.productos (id, ferreteria_id, codigo, nombre, categoria_id, proveedor_id, unidad, stock_actual, stock_minimo, precio_compra, precio_venta) VALUES
('44444444-4444-4444-4444-444444444401', '11111111-1111-1111-1111-111111111111', 'HER001', 'Martillo de uña Stanley', '22222222-2222-2222-2222-222222222221', '33333333-3333-3333-3333-333333333333', 'unidad', 25, 5, 20.00, 35.00),
('44444444-4444-4444-4444-444444444402', '11111111-1111-1111-1111-111111111111', 'HER002', 'Taladro percutor Bosch 1/2', '22222222-2222-2222-2222-222222222222', '33333333-3333-3333-3333-333333333333', 'unidad', 4, 3, 180.00, 250.00),
('44444444-4444-4444-4444-444444444403', '11111111-1111-1111-1111-111111111111', 'CLA001', 'Clavo de 2 pulgadas sin cabeza', '22222222-2222-2222-2222-222222222223', '33333333-3333-3333-3333-333333333331', 'kilo', 10, 15, 4.50, 7.00), -- STOCK BAJO
('44444444-4444-4444-4444-444444444404', '11111111-1111-1111-1111-111111111111', 'PIN001', 'Pintura Látex Blanco Galón', '22222222-2222-2222-2222-222222222224', '33333333-3333-3333-3333-333333333332', 'galon', 18, 5, 25.00, 38.00),
('44444444-4444-4444-4444-444444444405', '11111111-1111-1111-1111-111111111111', 'CAB001', 'Cable Mellizo 14 AWG x 100m', '22222222-2222-2222-2222-222222222225', '33333333-3333-3333-3333-333333333331', 'rollo', 2, 5, 60.00, 85.00), -- STOCK BAJO
('44444444-4444-4444-4444-444444444406', '11111111-1111-1111-1111-111111111111', 'HER003', 'Destornillador estrella Truper', '22222222-2222-2222-2222-222222222221', '33333333-3333-3333-3333-333333333333', 'unidad', 0, 10, 5.00, 10.00), -- AGOTADO
('44444444-4444-4444-4444-444444444407', '11111111-1111-1111-1111-111111111111', 'HER004', 'Wincha de 5 metros', '22222222-2222-2222-2222-222222222221', '33333333-3333-3333-3333-333333333333', 'unidad', 15, 5, 8.00, 15.00),
('44444444-4444-4444-4444-444444444408', '11111111-1111-1111-1111-111111111111', 'PIN002', 'Brocha de 2 pulgadas', '22222222-2222-2222-2222-222222222224', '33333333-3333-3333-3333-333333333332', 'unidad', 45, 10, 2.50, 5.00),
('44444444-4444-4444-4444-444444444409', '11111111-1111-1111-1111-111111111111', 'PIN003', 'Thinner acrílico galón', '22222222-2222-2222-2222-222222222224', '33333333-3333-3333-3333-333333333332', 'galon', 12, 5, 22.00, 32.00),
('44444444-4444-4444-4444-444444444410', '11111111-1111-1111-1111-111111111111', 'CLA002', 'Tornillo drywall 1 1/4 (Caja x 100)', '22222222-2222-2222-2222-222222222223', '33333333-3333-3333-3333-333333333331', 'caja', 20, 10, 8.00, 14.00),
('44444444-4444-4444-4444-444444444411', '11111111-1111-1111-1111-111111111111', 'CLA003', 'Tarugo plástico N8 (Bolsa x 100)', '22222222-2222-2222-2222-222222222223', '33333333-3333-3333-3333-333333333331', 'bolsa', 35, 15, 3.00, 6.00),
('44444444-4444-4444-4444-444444444412', '11111111-1111-1111-1111-111111111111', 'CAB002', 'Cinta aislante 3M negra', '22222222-2222-2222-2222-222222222225', '33333333-3333-3333-3333-333333333333', 'unidad', 50, 20, 2.50, 4.50),
('44444444-4444-4444-4444-444444444413', '11111111-1111-1111-1111-111111111111', 'HER005', 'Alicate universal 8 pulgadas', '22222222-2222-2222-2222-222222222221', '33333333-3333-3333-3333-333333333333', 'unidad', 8, 5, 12.00, 22.00),
('44444444-4444-4444-4444-444444444414', '11111111-1111-1111-1111-111111111111', 'HER006', 'Amoladora angular Makita 4 1/2', '22222222-2222-2222-2222-222222222222', '33333333-3333-3333-3333-333333333333', 'unidad', 3, 2, 160.00, 220.00),
('44444444-4444-4444-4444-444444444415', '11111111-1111-1111-1111-111111111111', 'PIN004', 'Rodillo de felpa 9 pulgadas', '22222222-2222-2222-2222-222222222224', '33333333-3333-3333-3333-333333333332', 'unidad', 22, 10, 6.00, 12.00);

-- Vistas o reportes se construyen directamente en React con queries; por ahora las tablas base son suficientes.
